"month","type","count"
1,"違規停車",16170
1,"行車速度超速60公里以下",13727
1,"違規停車拖吊",10071
1,"不依規定轉彎",7976
1,"闖紅燈直行左轉",5096
1,"其他不遵守標誌標線號誌駕車",1370
1,"停車時間位置方式車種不依規定",1202
1,"爭道行駛",817
1,"不按遵行方向行駛",736
1,"其他汽機車違規未列之條款",672
1,"未領有駕照駕車",629
1,"酒精濃度超過規定標準者",603
1,"違規臨時停車",501
1,"裝載不合規定",417
1,"汽車裝載貨物行經設有地磅處所1公里內拒絕過磅",401
1,"未經許可在道路擺設攤位",362
1,"闖紅燈右轉",196
1,"未領用或未懸掛牌照等",189
1,"違反高快速公路管制規定",187
1,"在多車道轉彎不依規定",174
1,"於身心障礙專用停車位違規停車",142
1,"裝載超過核定之總重量總聯結重量者",127
1,"駕照不合規定者",120
1,"未戴安全帽",119
1,"查報佔用道路廢棄車輛數量",77
1,"違規車輛移置保管",67
1,"82條第1項第1.10款83條第1項第2款以外之其他道路障礙",62
1,"不服或抗拒交通警察人員取締",51
1,"越級駕駛",38
1,"五年內二次以上酒駕違規者",31
1,"汽車所有人提供汽車駕駛人危險駕車",30
1,"行車速度超規定過之最高時速60公里",28
1,"吸食毒品迷幻藥麻醉品及其相類似之管制藥品者",27
1,"直行車佔用轉彎專用車道",21
1,"在多車道不依規定駕車",20
1,"駕照吊扣期間駕車",20
1,"未繫安全帶",19
1,"不依規定超車",15
1,"肇事無人傷亡未依規定處理而逃逸者",15
1,"行駛道路以手持方式使用行動電話",11
1,"重要設備變更或因事故損壞未檢驗而行駛",11
1,"設備不全或損壞不予修復",11
1,"肇事致人傷亡而逃逸者",11
1,"損毀或變造牌照致不能辨認牌號",8
1,"載運客貨違反規定",8
1,"慢車酒駕濃度超過規定標準",8
1,"在車道交通島散發廣告物等或在車站內休息站販賣物品妨礙交通",7
1,"拒絕接受酒精或管制藥品之檢測",6
1,"行人通行違規",5
1,"未辦理執業登記",3
1,"行經行人穿越道不暫停讓行人先行",3
1,"裝載砂石土方未依規定使用專用車輛",3
1,"機踏車附載人員或物品未依規定",3
1,"報廢汽車仍行駛",2
1,"肇事致人死傷未依規定處置",2
1,"肇事無人傷亡不將車輛移置路邊",2
1,"大型車駕照不合規定者",1
1,"不依規定辦理異動申請或年度查驗者",1
1,"未依規定減速慢行",1
1,"各項異動不依規定申報登記",1
1,"附載幼童未依規定安置於安全椅",1
1,"轉彎不暫停讓行人優先通行",1
1,"二輛以上競駛競技",0
1,"三輪以上慢車未領照行駛",0
1,"大型車未領有駕照駕車",0
1,"大型車駕照吊扣期間駕車",0
1,"六歲以下兒童單獨留置車內",0
1,"以迫近驟然變換車道或不當方式迫使他車讓道",0
1,"未領用有效牌照、懸掛他車或未懸掛號牌停車",0
1,"未繫安全帶(高速公路)",0
1,"在道路上停放待售或承修之車輛",0
1,"在道路上堆積放置足以阻礙交通之物",0
1,"行人在車輛行駛中攀登跳車或攀附隨行者",0
1,"行人違規攬客",0
1,"行人闖越鐵路平交道",0
1,"行經警察機關設有告示執行酒測勤務處所不依指示停車接受稽查",0
1,"行駛中任意驟然減速煞車或暫停",0
1,"行駛道路使用電腦或其他相類功能裝置",0
1,"併排停車",0
1,"拆除消音器或以其他方式製造噪音",0
1,"拒載短程繞道行駛",0
1,"非屬汽車之載具動力休閒器材違規行駛",0
1,"拼裝車輛違規行駛",0
1,"動力機械未請領臨時通行證",0
1,"執業登記證未依規定安置等",0
1,"強制移由醫療或檢驗機構採樣測定等",0
1,"蛇行或危險駕車",0
1,"設有劃分島在慢車道右轉彎或在快車道左轉彎",0
1,"牌照遺失或破損不報請補發",0
1,"號牌遺失經舉發後不報請補發仍行駛",0
1,"路口淨空",0
1,"違反道安規則管制規則肇事致人受傷",0
1,"慢車不在規定之地區路線或時間內行駛",0
1,"慢車不在劃設之慢車道通行或在未劃設慢車道之道路不靠右側路邊行駛",0
1,"慢車不依規定停放車輛",0
1,"慢車不依規定擅自穿越快車道",0
1,"慢車不依規定轉彎超車停車或通過交叉路口",0
1,"慢車不服從警察指揮或不依標誌標線號誌之指示",0
1,"慢車在人行道或快車道行駛",0
1,"慢車在同一慢車道上不按遵行方向行駛",0
1,"慢車在夜間行車未開啟燈光",0
1,"慢車在道路上爭先爭道或其他危險方式駕車",0
1,"慢車行經行人穿越道或交岔路口彎不讓行人優先通行",0
1,"慢車行駛道路手持使用行動電話或其他相類功能裝置",0
1,"慢車拒絕酒精濃度檢測",0
1,"慢車於允許通行之人行道上未讓行人優先通行",0
1,"慢車牽引其他車輛或攀附汽車隨行",0
1,"慢車載運客貨違規",0
1,"慢車聞消防車警備車救護車工程救險車警號不立即避讓",0
1,"慢車擅自變更裝置或不依規定保持煞車鈴號燈",0
1,"慢車闖平交道",0
1,"慢車證照未隨身攜帶",0
1,"駕車吸菸致影響他人行車安全",0
1,"駕駛人違規攬客",0
1,"營業大客車酒後或吸食管制藥品後駕車",0
1,"闖越平交道或在平交道違規",0
2,"行車速度超速60公里以下",16932
2,"闖紅燈直行左轉",15107
2,"違規停車",14567
2,"違規停車拖吊",6848
2,"不依規定轉彎",4818
2,"停車時間位置方式車種不依規定",1116
2,"酒精濃度超過規定標準者",977
2,"其他不遵守標誌標線號誌駕車",943
2,"爭道行駛",802
2,"不按遵行方向行駛",701
2,"未領有駕照駕車",638
2,"違規臨時停車",504
2,"其他汽機車違規未列之條款",489
2,"未經許可在道路擺設攤位",308
2,"裝載不合規定",284
2,"汽車裝載貨物行經設有地磅處所1公里內拒絕過磅",275
2,"違反高快速公路管制規定",191
2,"闖紅燈右轉",171
2,"在多車道轉彎不依規定",166
2,"未領用或未懸掛牌照等",147
2,"駕照不合規定者",123
2,"未戴安全帽",115
2,"行車速度超規定過之最高時速60公里",114
2,"查報佔用道路廢棄車輛數量",109
2,"違規車輛移置保管",109
2,"汽車所有人提供汽車駕駛人危險駕車",97
2,"於身心障礙專用停車位違規停車",80
2,"裝載超過核定之總重量總聯結重量者",57
2,"不服或抗拒交通警察人員取締",53
2,"82條第1項第1.10款83條第1項第2款以外之其他道路障礙",49
2,"五年內二次以上酒駕違規者",47
2,"越級駕駛",38
2,"直行車佔用轉彎專用車道",22
2,"不依規定超車",20
2,"駕照吊扣期間駕車",18
2,"拒絕接受酒精或管制藥品之檢測",14
2,"肇事致人傷亡而逃逸者",14
2,"吸食毒品迷幻藥麻醉品及其相類似之管制藥品者",13
2,"在多車道不依規定駕車",12
2,"載運客貨違反規定",12
2,"重要設備變更或因事故損壞未檢驗而行駛",10
2,"機踏車附載人員或物品未依規定",10
2,"未繫安全帶",7
2,"慢車酒駕濃度超過規定標準",7
2,"肇事無人傷亡未依規定處理而逃逸者",7
2,"不依規定辦理異動申請或年度查驗者",6
2,"行人通行違規",6
2,"損毀或變造牌照致不能辨認牌號",6
2,"行駛道路以手持方式使用行動電話",5
2,"設備不全或損壞不予修復",5
2,"報廢汽車仍行駛",4
2,"肇事致人死傷未依規定處置",4
2,"未辦理執業登記",3
2,"在道路上停放待售或承修之車輛",3
2,"蛇行或危險駕車",3
2,"在車道交通島散發廣告物等或在車站內休息站販賣物品妨礙交通",2
2,"行經行人穿越道不暫停讓行人先行",2
2,"慢車不服從警察指揮或不依標誌標線號誌之指示",2
2,"未依規定減速慢行",1
2,"行經警察機關設有告示執行酒測勤務處所不依指示停車接受稽查",1
2,"拼裝車輛違規行駛",1
2,"設有劃分島在慢車道右轉彎或在快車道左轉彎",1
2,"裝載砂石土方未依規定使用專用車輛",1
2,"二輛以上競駛競技",0
2,"三輪以上慢車未領照行駛",0
2,"大型車未領有駕照駕車",0
2,"大型車駕照不合規定者",0
2,"大型車駕照吊扣期間駕車",0
2,"六歲以下兒童單獨留置車內",0
2,"以迫近驟然變換車道或不當方式迫使他車讓道",0
2,"未領用有效牌照、懸掛他車或未懸掛號牌停車",0
2,"未繫安全帶(高速公路)",0
2,"各項異動不依規定申報登記",0
2,"在道路上堆積放置足以阻礙交通之物",0
2,"行人在車輛行駛中攀登跳車或攀附隨行者",0
2,"行人違規攬客",0
2,"行人闖越鐵路平交道",0
2,"行駛中任意驟然減速煞車或暫停",0
2,"行駛道路使用電腦或其他相類功能裝置",0
2,"併排停車",0
2,"拆除消音器或以其他方式製造噪音",0
2,"拒載短程繞道行駛",0
2,"附載幼童未依規定安置於安全椅",0
2,"非屬汽車之載具動力休閒器材違規行駛",0
2,"動力機械未請領臨時通行證",0
2,"執業登記證未依規定安置等",0
2,"強制移由醫療或檢驗機構採樣測定等",0
2,"牌照遺失或破損不報請補發",0
2,"號牌遺失經舉發後不報請補發仍行駛",0
2,"路口淨空",0
2,"違反道安規則管制規則肇事致人受傷",0
2,"慢車不在規定之地區路線或時間內行駛",0
2,"慢車不在劃設之慢車道通行或在未劃設慢車道之道路不靠右側路邊行駛",0
2,"慢車不依規定停放車輛",0
2,"慢車不依規定擅自穿越快車道",0
2,"慢車不依規定轉彎超車停車或通過交叉路口",0
2,"慢車在人行道或快車道行駛",0
2,"慢車在同一慢車道上不按遵行方向行駛",0
2,"慢車在夜間行車未開啟燈光",0
2,"慢車在道路上爭先爭道或其他危險方式駕車",0
2,"慢車行經行人穿越道或交岔路口彎不讓行人優先通行",0
2,"慢車行駛道路手持使用行動電話或其他相類功能裝置",0
2,"慢車拒絕酒精濃度檢測",0
2,"慢車於允許通行之人行道上未讓行人優先通行",0
2,"慢車牽引其他車輛或攀附汽車隨行",0
2,"慢車載運客貨違規",0
2,"慢車聞消防車警備車救護車工程救險車警號不立即避讓",0
2,"慢車擅自變更裝置或不依規定保持煞車鈴號燈",0
2,"慢車闖平交道",0
2,"慢車證照未隨身攜帶",0
2,"肇事無人傷亡不將車輛移置路邊",0
2,"駕車吸菸致影響他人行車安全",0
2,"駕駛人違規攬客",0
2,"營業大客車酒後或吸食管制藥品後駕車",0
2,"轉彎不暫停讓行人優先通行",0
2,"闖越平交道或在平交道違規",0
3,"行車速度超速60公里以下",21671
3,"違規停車",16829
3,"違規停車拖吊",8604
3,"不依規定轉彎",6710
3,"闖紅燈直行左轉",6539
3,"其他不遵守標誌標線號誌駕車",1324
3,"停車時間位置方式車種不依規定",1104
3,"爭道行駛",913
3,"不按遵行方向行駛",798
3,"酒精濃度超過規定標準者",618
3,"違規臨時停車",598
3,"未領有駕照駕車",586
3,"其他汽機車違規未列之條款",577
3,"違反高快速公路管制規定",363
3,"裝載不合規定",288
3,"未經許可在道路擺設攤位",284
3,"汽車裝載貨物行經設有地磅處所1公里內拒絕過磅",283
3,"闖紅燈右轉",240
3,"在多車道轉彎不依規定",237
3,"未領用或未懸掛牌照等",196
3,"查報佔用道路廢棄車輛數量",106
3,"駕照不合規定者",106
3,"未戴安全帽",105
3,"於身心障礙專用停車位違規停車",103
3,"違規車輛移置保管",76
3,"82條第1項第1.10款83條第1項第2款以外之其他道路障礙",75
3,"裝載超過核定之總重量總聯結重量者",58
3,"行車速度超規定過之最高時速60公里",49
3,"汽車所有人提供汽車駕駛人危險駕車",43
3,"在多車道不依規定駕車",40
3,"越級駕駛",36
3,"不服或抗拒交通警察人員取締",35
3,"五年內二次以上酒駕違規者",33
3,"不依規定超車",22
3,"直行車佔用轉彎專用車道",22
3,"吸食毒品迷幻藥麻醉品及其相類似之管制藥品者",17
3,"肇事無人傷亡未依規定處理而逃逸者",16
3,"重要設備變更或因事故損壞未檢驗而行駛",15
3,"肇事致人傷亡而逃逸者",15
3,"未辦理執業登記",10
3,"駕照吊扣期間駕車",10
3,"機踏車附載人員或物品未依規定",9
3,"未繫安全帶",8
3,"在車道交通島散發廣告物等或在車站內休息站販賣物品妨礙交通",7
3,"設備不全或損壞不予修復",6
3,"報廢汽車仍行駛",6
3,"載運客貨違反規定",6
3,"行駛道路以手持方式使用行動電話",5
3,"拒絕接受酒精或管制藥品之檢測",5
3,"慢車酒駕濃度超過規定標準",5
3,"蛇行或危險駕車",4
3,"損毀或變造牌照致不能辨認牌號",4
3,"慢車不服從警察指揮或不依標誌標線號誌之指示",4
3,"各項異動不依規定申報登記",2
3,"行經行人穿越道不暫停讓行人先行",2
3,"行駛中任意驟然減速煞車或暫停",2
3,"執業登記證未依規定安置等",2
3,"肇事致人死傷未依規定處置",2
3,"不依規定辦理異動申請或年度查驗者",1
3,"以迫近驟然變換車道或不當方式迫使他車讓道",1
3,"行人通行違規",1
3,"拒載短程繞道行駛",1
3,"附載幼童未依規定安置於安全椅",1
3,"裝載砂石土方未依規定使用專用車輛",1
3,"路口淨空",1
3,"慢車拒絕酒精濃度檢測",1
3,"二輛以上競駛競技",0
3,"三輪以上慢車未領照行駛",0
3,"大型車未領有駕照駕車",0
3,"大型車駕照不合規定者",0
3,"大型車駕照吊扣期間駕車",0
3,"六歲以下兒童單獨留置車內",0
3,"未依規定減速慢行",0
3,"未領用有效牌照、懸掛他車或未懸掛號牌停車",0
3,"未繫安全帶(高速公路)",0
3,"在道路上停放待售或承修之車輛",0
3,"在道路上堆積放置足以阻礙交通之物",0
3,"行人在車輛行駛中攀登跳車或攀附隨行者",0
3,"行人違規攬客",0
3,"行人闖越鐵路平交道",0
3,"行經警察機關設有告示執行酒測勤務處所不依指示停車接受稽查",0
3,"行駛道路使用電腦或其他相類功能裝置",0
3,"併排停車",0
3,"拆除消音器或以其他方式製造噪音",0
3,"非屬汽車之載具動力休閒器材違規行駛",0
3,"拼裝車輛違規行駛",0
3,"動力機械未請領臨時通行證",0
3,"強制移由醫療或檢驗機構採樣測定等",0
3,"設有劃分島在慢車道右轉彎或在快車道左轉彎",0
3,"牌照遺失或破損不報請補發",0
3,"號牌遺失經舉發後不報請補發仍行駛",0
3,"違反道安規則管制規則肇事致人受傷",0
3,"慢車不在規定之地區路線或時間內行駛",0
3,"慢車不在劃設之慢車道通行或在未劃設慢車道之道路不靠右側路邊行駛",0
3,"慢車不依規定停放車輛",0
3,"慢車不依規定擅自穿越快車道",0
3,"慢車不依規定轉彎超車停車或通過交叉路口",0
3,"慢車在人行道或快車道行駛",0
3,"慢車在同一慢車道上不按遵行方向行駛",0
3,"慢車在夜間行車未開啟燈光",0
3,"慢車在道路上爭先爭道或其他危險方式駕車",0
3,"慢車行經行人穿越道或交岔路口彎不讓行人優先通行",0
3,"慢車行駛道路手持使用行動電話或其他相類功能裝置",0
3,"慢車於允許通行之人行道上未讓行人優先通行",0
3,"慢車牽引其他車輛或攀附汽車隨行",0
3,"慢車載運客貨違規",0
3,"慢車聞消防車警備車救護車工程救險車警號不立即避讓",0
3,"慢車擅自變更裝置或不依規定保持煞車鈴號燈",0
3,"慢車闖平交道",0
3,"慢車證照未隨身攜帶",0
3,"肇事無人傷亡不將車輛移置路邊",0
3,"駕車吸菸致影響他人行車安全",0
3,"駕駛人違規攬客",0
3,"營業大客車酒後或吸食管制藥品後駕車",0
3,"轉彎不暫停讓行人優先通行",0
3,"闖越平交道或在平交道違規",0
4,"行車速度超速60公里以下",14823
4,"違規停車",13960
4,"違規停車拖吊",9050
4,"不依規定轉彎",8858
4,"闖紅燈直行左轉",6619
4,"停車時間位置方式車種不依規定",1206
4,"其他不遵守標誌標線號誌駕車",1143
4,"爭道行駛",1067
4,"不按遵行方向行駛",994
4,"酒精濃度超過規定標準者",757
4,"未領有駕照駕車",688
4,"其他汽機車違規未列之條款",582
4,"違規臨時停車",516
4,"未經許可在道路擺設攤位",305
4,"違反高快速公路管制規定",303
4,"裝載不合規定",297
4,"在多車道轉彎不依規定",274
4,"未領用或未懸掛牌照等",197
4,"汽車裝載貨物行經設有地磅處所1公里內拒絕過磅",197
4,"闖紅燈右轉",195
4,"未戴安全帽",136
4,"駕照不合規定者",135
4,"查報佔用道路廢棄車輛數量",117
4,"於身心障礙專用停車位違規停車",83
4,"82條第1項第1.10款83條第1項第2款以外之其他道路障礙",82
4,"違規車輛移置保管",81
4,"不服或抗拒交通警察人員取締",63
4,"越級駕駛",47
4,"裝載超過核定之總重量總聯結重量者",42
4,"在多車道不依規定駕車",34
4,"行車速度超規定過之最高時速60公里",31
4,"汽車所有人提供汽車駕駛人危險駕車",30
4,"五年內二次以上酒駕違規者",27
4,"肇事無人傷亡未依規定處理而逃逸者",27
4,"直行車佔用轉彎專用車道",26
4,"吸食毒品迷幻藥麻醉品及其相類似之管制藥品者",17
4,"駕照吊扣期間駕車",17
4,"不依規定超車",15
4,"設備不全或損壞不予修復",15
4,"未辦理執業登記",14
4,"重要設備變更或因事故損壞未檢驗而行駛",12
4,"未繫安全帶",9
4,"損毀或變造牌照致不能辨認牌號",9
4,"肇事致人傷亡而逃逸者",8
4,"慢車酒駕濃度超過規定標準",7
4,"肇事致人死傷未依規定處置",7
4,"報廢汽車仍行駛",6
4,"不依規定辦理異動申請或年度查驗者",5
4,"各項異動不依規定申報登記",5
4,"拒絕接受酒精或管制藥品之檢測",5
4,"載運客貨違反規定",5
4,"行駛道路以手持方式使用行動電話",4
4,"機踏車附載人員或物品未依規定",4
4,"在車道交通島散發廣告物等或在車站內休息站販賣物品妨礙交通",3
4,"執業登記證未依規定安置等",3
4,"蛇行或危險駕車",2
4,"裝載砂石土方未依規定使用專用車輛",2
4,"肇事無人傷亡不將車輛移置路邊",2
4,"大型車駕照不合規定者",1
4,"以迫近驟然變換車道或不當方式迫使他車讓道",1
4,"行人通行違規",1
4,"行駛中任意驟然減速煞車或暫停",1
4,"拒載短程繞道行駛",1
4,"設有劃分島在慢車道右轉彎或在快車道左轉彎",1
4,"慢車不依規定轉彎超車停車或通過交叉路口",1
4,"二輛以上競駛競技",0
4,"三輪以上慢車未領照行駛",0
4,"大型車未領有駕照駕車",0
4,"大型車駕照吊扣期間駕車",0
4,"六歲以下兒童單獨留置車內",0
4,"未依規定減速慢行",0
4,"未領用有效牌照、懸掛他車或未懸掛號牌停車",0
4,"未繫安全帶(高速公路)",0
4,"在道路上停放待售或承修之車輛",0
4,"在道路上堆積放置足以阻礙交通之物",0
4,"行人在車輛行駛中攀登跳車或攀附隨行者",0
4,"行人違規攬客",0
4,"行人闖越鐵路平交道",0
4,"行經行人穿越道不暫停讓行人先行",0
4,"行經警察機關設有告示執行酒測勤務處所不依指示停車接受稽查",0
4,"行駛道路使用電腦或其他相類功能裝置",0
4,"併排停車",0
4,"拆除消音器或以其他方式製造噪音",0
4,"附載幼童未依規定安置於安全椅",0
4,"非屬汽車之載具動力休閒器材違規行駛",0
4,"拼裝車輛違規行駛",0
4,"動力機械未請領臨時通行證",0
4,"強制移由醫療或檢驗機構採樣測定等",0
4,"牌照遺失或破損不報請補發",0
4,"號牌遺失經舉發後不報請補發仍行駛",0
4,"路口淨空",0
4,"違反道安規則管制規則肇事致人受傷",0
4,"慢車不在規定之地區路線或時間內行駛",0
4,"慢車不在劃設之慢車道通行或在未劃設慢車道之道路不靠右側路邊行駛",0
4,"慢車不依規定停放車輛",0
4,"慢車不依規定擅自穿越快車道",0
4,"慢車不服從警察指揮或不依標誌標線號誌之指示",0
4,"慢車在人行道或快車道行駛",0
4,"慢車在同一慢車道上不按遵行方向行駛",0
4,"慢車在夜間行車未開啟燈光",0
4,"慢車在道路上爭先爭道或其他危險方式駕車",0
4,"慢車行經行人穿越道或交岔路口彎不讓行人優先通行",0
4,"慢車行駛道路手持使用行動電話或其他相類功能裝置",0
4,"慢車拒絕酒精濃度檢測",0
4,"慢車於允許通行之人行道上未讓行人優先通行",0
4,"慢車牽引其他車輛或攀附汽車隨行",0
4,"慢車載運客貨違規",0
4,"慢車聞消防車警備車救護車工程救險車警號不立即避讓",0
4,"慢車擅自變更裝置或不依規定保持煞車鈴號燈",0
4,"慢車闖平交道",0
4,"慢車證照未隨身攜帶",0
4,"駕車吸菸致影響他人行車安全",0
4,"駕駛人違規攬客",0
4,"營業大客車酒後或吸食管制藥品後駕車",0
4,"轉彎不暫停讓行人優先通行",0
4,"闖越平交道或在平交道違規",0
5,"違規停車",19976
5,"行車速度超速60公里以下",19447
5,"闖紅燈直行左轉",8895
5,"不依規定轉彎",8456
5,"違規停車拖吊",8159
5,"爭道行駛",2412
5,"其他不遵守標誌標線號誌駕車",1446
5,"停車時間位置方式車種不依規定",1252
5,"酒精濃度超過規定標準者",901
5,"不按遵行方向行駛",847
5,"未領有駕照駕車",768
5,"其他汽機車違規未列之條款",710
5,"違規臨時停車",678
5,"裝載不合規定",351
5,"在多車道轉彎不依規定",347
5,"未經許可在道路擺設攤位",338
5,"汽車裝載貨物行經設有地磅處所1公里內拒絕過磅",331
5,"闖紅燈右轉",286
5,"違反高快速公路管制規定",266
5,"未領用或未懸掛牌照等",212
5,"未戴安全帽",172
5,"於身心障礙專用停車位違規停車",168
5,"查報佔用道路廢棄車輛數量",157
5,"駕照不合規定者",122
5,"82條第1項第1.10款83條第1項第2款以外之其他道路障礙",115
5,"違規車輛移置保管",113
5,"不服或抗拒交通警察人員取締",73
5,"越級駕駛",55
5,"裝載超過核定之總重量總聯結重量者",55
5,"行車速度超規定過之最高時速60公里",54
5,"汽車所有人提供汽車駕駛人危險駕車",49
5,"不依規定超車",46
5,"在多車道不依規定駕車",35
5,"直行車佔用轉彎專用車道",35
5,"五年內二次以上酒駕違規者",34
5,"重要設備變更或因事故損壞未檢驗而行駛",31
5,"肇事致人傷亡而逃逸者",21
5,"駕照吊扣期間駕車",20
5,"設備不全或損壞不予修復",19
5,"肇事無人傷亡未依規定處理而逃逸者",17
5,"在車道交通島散發廣告物等或在車站內休息站販賣物品妨礙交通",13
5,"未繫安全帶",11
5,"吸食毒品迷幻藥麻醉品及其相類似之管制藥品者",10
5,"拒絕接受酒精或管制藥品之檢測",10
5,"載運客貨違反規定",10
5,"肇事無人傷亡不將車輛移置路邊",10
5,"未辦理執業登記",9
5,"行駛道路以手持方式使用行動電話",8
5,"慢車不依規定停放車輛",8
5,"蛇行或危險駕車",7
5,"各項異動不依規定申報登記",6
5,"損毀或變造牌照致不能辨認牌號",6
5,"行人通行違規",5
5,"慢車在同一慢車道上不按遵行方向行駛",5
5,"以迫近驟然變換車道或不當方式迫使他車讓道",4
5,"慢車酒駕濃度超過規定標準",4
5,"肇事致人死傷未依規定處置",4
5,"報廢汽車仍行駛",3
5,"慢車不服從警察指揮或不依標誌標線號誌之指示",3
5,"行經行人穿越道不暫停讓行人先行",2
5,"行駛中任意驟然減速煞車或暫停",2
5,"設有劃分島在慢車道右轉彎或在快車道左轉彎",2
5,"裝載砂石土方未依規定使用專用車輛",2
5,"轉彎不暫停讓行人優先通行",2
5,"大型車駕照不合規定者",1
5,"不依規定辦理異動申請或年度查驗者",1
5,"未依規定減速慢行",1
5,"在道路上停放待售或承修之車輛",1
5,"行經警察機關設有告示執行酒測勤務處所不依指示停車接受稽查",1
5,"拒載短程繞道行駛",1
5,"執業登記證未依規定安置等",1
5,"違反道安規則管制規則肇事致人受傷",1
5,"機踏車附載人員或物品未依規定",1
5,"二輛以上競駛競技",0
5,"三輪以上慢車未領照行駛",0
5,"大型車未領有駕照駕車",0
5,"大型車駕照吊扣期間駕車",0
5,"六歲以下兒童單獨留置車內",0
5,"未領用有效牌照、懸掛他車或未懸掛號牌停車",0
5,"未繫安全帶(高速公路)",0
5,"在道路上堆積放置足以阻礙交通之物",0
5,"行人在車輛行駛中攀登跳車或攀附隨行者",0
5,"行人違規攬客",0
5,"行人闖越鐵路平交道",0
5,"行駛道路使用電腦或其他相類功能裝置",0
5,"併排停車",0
5,"拆除消音器或以其他方式製造噪音",0
5,"附載幼童未依規定安置於安全椅",0
5,"非屬汽車之載具動力休閒器材違規行駛",0
5,"拼裝車輛違規行駛",0
5,"動力機械未請領臨時通行證",0
5,"強制移由醫療或檢驗機構採樣測定等",0
5,"牌照遺失或破損不報請補發",0
5,"號牌遺失經舉發後不報請補發仍行駛",0
5,"路口淨空",0
5,"慢車不在規定之地區路線或時間內行駛",0
5,"慢車不在劃設之慢車道通行或在未劃設慢車道之道路不靠右側路邊行駛",0
5,"慢車不依規定擅自穿越快車道",0
5,"慢車不依規定轉彎超車停車或通過交叉路口",0
5,"慢車在人行道或快車道行駛",0
5,"慢車在夜間行車未開啟燈光",0
5,"慢車在道路上爭先爭道或其他危險方式駕車",0
5,"慢車行經行人穿越道或交岔路口彎不讓行人優先通行",0
5,"慢車行駛道路手持使用行動電話或其他相類功能裝置",0
5,"慢車拒絕酒精濃度檢測",0
5,"慢車於允許通行之人行道上未讓行人優先通行",0
5,"慢車牽引其他車輛或攀附汽車隨行",0
5,"慢車載運客貨違規",0
5,"慢車聞消防車警備車救護車工程救險車警號不立即避讓",0
5,"慢車擅自變更裝置或不依規定保持煞車鈴號燈",0
5,"慢車闖平交道",0
5,"慢車證照未隨身攜帶",0
5,"駕車吸菸致影響他人行車安全",0
5,"駕駛人違規攬客",0
5,"營業大客車酒後或吸食管制藥品後駕車",0
5,"闖越平交道或在平交道違規",0
6,"違規停車",19066
6,"行車速度超速60公里以下",10576
6,"違規停車拖吊",8473
6,"不依規定轉彎",7521
6,"闖紅燈直行左轉",7042
6,"停車時間位置方式車種不依規定",1394
6,"爭道行駛",1319
6,"其他不遵守標誌標線號誌駕車",1199
6,"違規臨時停車",868
6,"酒精濃度超過規定標準者",758
6,"未領有駕照駕車",671
6,"不按遵行方向行駛",661
6,"其他汽機車違規未列之條款",625
6,"在多車道轉彎不依規定",450
6,"未經許可在道路擺設攤位",318
6,"裝載不合規定",280
6,"汽車裝載貨物行經設有地磅處所1公里內拒絕過磅",275
6,"違反高快速公路管制規定",214
6,"未戴安全帽",213
6,"未領用或未懸掛牌照等",196
6,"闖紅燈右轉",187
6,"於身心障礙專用停車位違規停車",140
6,"查報佔用道路廢棄車輛數量",127
6,"駕照不合規定者",125
6,"違規車輛移置保管",120
6,"82條第1項第1.10款83條第1項第2款以外之其他道路障礙",67
6,"不服或抗拒交通警察人員取締",60
6,"在多車道不依規定駕車",51
6,"裝載超過核定之總重量總聯結重量者",47
6,"五年內二次以上酒駕違規者",45
6,"越級駕駛",43
6,"行車速度超規定過之最高時速60公里",34
6,"汽車所有人提供汽車駕駛人危險駕車",34
6,"設備不全或損壞不予修復",29
6,"不依規定超車",27
6,"直行車佔用轉彎專用車道",24
6,"肇事無人傷亡未依規定處理而逃逸者",19
6,"駕照吊扣期間駕車",18
6,"重要設備變更或因事故損壞未檢驗而行駛",16
6,"肇事致人傷亡而逃逸者",15
6,"拒絕接受酒精或管制藥品之檢測",13
6,"機踏車附載人員或物品未依規定",10
6,"未辦理執業登記",9
6,"吸食毒品迷幻藥麻醉品及其相類似之管制藥品者",9
6,"行經行人穿越道不暫停讓行人先行",6
6,"載運客貨違反規定",6
6,"行駛道路以手持方式使用行動電話",5
6,"蛇行或危險駕車",5
6,"報廢汽車仍行駛",5
6,"損毀或變造牌照致不能辨認牌號",5
6,"慢車酒駕濃度超過規定標準",5
6,"未繫安全帶",4
6,"在車道交通島散發廣告物等或在車站內休息站販賣物品妨礙交通",4
6,"行經警察機關設有告示執行酒測勤務處所不依指示停車接受稽查",4
6,"肇事致人死傷未依規定處置",4
6,"肇事無人傷亡不將車輛移置路邊",4
6,"慢車不服從警察指揮或不依標誌標線號誌之指示",3
6,"不依規定辦理異動申請或年度查驗者",2
6,"各項異動不依規定申報登記",2
6,"慢車拒絕酒精濃度檢測",2
6,"大型車未領有駕照駕車",1
6,"大型車駕照不合規定者",1
6,"以迫近驟然變換車道或不當方式迫使他車讓道",1
6,"行人通行違規",1
6,"行駛中任意驟然減速煞車或暫停",1
6,"執業登記證未依規定安置等",1
6,"設有劃分島在慢車道右轉彎或在快車道左轉彎",1
6,"牌照遺失或破損不報請補發",1
6,"裝載砂石土方未依規定使用專用車輛",1
6,"慢車不依規定停放車輛",1
6,"慢車在人行道或快車道行駛",1
6,"慢車在夜間行車未開啟燈光",1
6,"駕駛人違規攬客",1
6,"轉彎不暫停讓行人優先通行",1
6,"闖越平交道或在平交道違規",1
6,"二輛以上競駛競技",0
6,"三輪以上慢車未領照行駛",0
6,"大型車駕照吊扣期間駕車",0
6,"六歲以下兒童單獨留置車內",0
6,"未依規定減速慢行",0
6,"未領用有效牌照、懸掛他車或未懸掛號牌停車",0
6,"未繫安全帶(高速公路)",0
6,"在道路上停放待售或承修之車輛",0
6,"在道路上堆積放置足以阻礙交通之物",0
6,"行人在車輛行駛中攀登跳車或攀附隨行者",0
6,"行人違規攬客",0
6,"行人闖越鐵路平交道",0
6,"行駛道路使用電腦或其他相類功能裝置",0
6,"併排停車",0
6,"拆除消音器或以其他方式製造噪音",0
6,"拒載短程繞道行駛",0
6,"附載幼童未依規定安置於安全椅",0
6,"非屬汽車之載具動力休閒器材違規行駛",0
6,"拼裝車輛違規行駛",0
6,"動力機械未請領臨時通行證",0
6,"強制移由醫療或檢驗機構採樣測定等",0
6,"號牌遺失經舉發後不報請補發仍行駛",0
6,"路口淨空",0
6,"違反道安規則管制規則肇事致人受傷",0
6,"慢車不在規定之地區路線或時間內行駛",0
6,"慢車不在劃設之慢車道通行或在未劃設慢車道之道路不靠右側路邊行駛",0
6,"慢車不依規定擅自穿越快車道",0
6,"慢車不依規定轉彎超車停車或通過交叉路口",0
6,"慢車在同一慢車道上不按遵行方向行駛",0
6,"慢車在道路上爭先爭道或其他危險方式駕車",0
6,"慢車行經行人穿越道或交岔路口彎不讓行人優先通行",0
6,"慢車行駛道路手持使用行動電話或其他相類功能裝置",0
6,"慢車於允許通行之人行道上未讓行人優先通行",0
6,"慢車牽引其他車輛或攀附汽車隨行",0
6,"慢車載運客貨違規",0
6,"慢車聞消防車警備車救護車工程救險車警號不立即避讓",0
6,"慢車擅自變更裝置或不依規定保持煞車鈴號燈",0
6,"慢車闖平交道",0
6,"慢車證照未隨身攜帶",0
6,"駕車吸菸致影響他人行車安全",0
6,"營業大客車酒後或吸食管制藥品後駕車",0
7,"行車速度超速60公里以下",24383
7,"違規停車",22459
7,"違規停車拖吊",10079
7,"不依規定轉彎",8680
7,"闖紅燈直行左轉",7814
7,"爭道行駛",1730
7,"其他不遵守標誌標線號誌駕車",1724
7,"停車時間位置方式車種不依規定",1563
7,"併排停車",1099
7,"不按遵行方向行駛",1028
7,"未領有駕照駕車",1028
7,"酒精濃度超過規定標準者",851
7,"違規臨時停車",739
7,"其他汽機車違規未列之條款",691
7,"裝載不合規定",396
7,"汽車裝載貨物行經設有地磅處所1公里內拒絕過磅",390
7,"未戴安全帽",340
7,"在多車道轉彎不依規定",323
7,"未經許可在道路擺設攤位",293
7,"違反高快速公路管制規定",284
7,"闖紅燈右轉",280
7,"駕照不合規定者",214
7,"未領用或未懸掛牌照等",200
7,"於身心障礙專用停車位違規停車",176
7,"查報佔用道路廢棄車輛數量",130
7,"違規車輛移置保管",116
7,"駕車吸菸致影響他人行車安全",111
7,"越級駕駛",100
7,"設備不全或損壞不予修復",84
7,"裝載超過核定之總重量總聯結重量者",67
7,"不服或抗拒交通警察人員取締",59
7,"行車速度超規定過之最高時速60公里",59
7,"五年內二次以上酒駕違規者",58
7,"汽車所有人提供汽車駕駛人危險駕車",58
7,"82條第1項第1.10款83條第1項第2款以外之其他道路障礙",48
7,"不依規定超車",30
7,"直行車佔用轉彎專用車道",28
7,"肇事致人傷亡而逃逸者",24
7,"駕照吊扣期間駕車",24
7,"肇事無人傷亡未依規定處理而逃逸者",22
7,"重要設備變更或因事故損壞未檢驗而行駛",20
7,"在多車道不依規定駕車",19
7,"行駛道路以手持方式使用行動電話",18
7,"載運客貨違反規定",15
7,"機踏車附載人員或物品未依規定",14
7,"損毀或變造牌照致不能辨認牌號",12
7,"吸食毒品迷幻藥麻醉品及其相類似之管制藥品者",9
7,"拒絕接受酒精或管制藥品之檢測",9
7,"各項異動不依規定申報登記",8
7,"以迫近驟然變換車道或不當方式迫使他車讓道",7
7,"未辦理執業登記",7
7,"未繫安全帶",6
7,"蛇行或危險駕車",6
7,"慢車酒駕濃度超過規定標準",6
7,"不依規定辦理異動申請或年度查驗者",5
7,"行經警察機關設有告示執行酒測勤務處所不依指示停車接受稽查",4
7,"報廢汽車仍行駛",3
7,"慢車不依規定停放車輛",3
7,"肇事致人死傷未依規定處置",3
7,"在車道交通島散發廣告物等或在車站內休息站販賣物品妨礙交通",2
7,"行人通行違規",2
7,"行經行人穿越道不暫停讓行人先行",2
7,"慢車不服從警察指揮或不依標誌標線號誌之指示",2
7,"肇事無人傷亡不將車輛移置路邊",2
7,"大型車未領有駕照駕車",1
7,"未依規定減速慢行",1
7,"行駛中任意驟然減速煞車或暫停",1
7,"附載幼童未依規定安置於安全椅",1
7,"執業登記證未依規定安置等",1
7,"慢車不依規定轉彎超車停車或通過交叉路口",1
7,"慢車在同一慢車道上不按遵行方向行駛",1
7,"二輛以上競駛競技",0
7,"三輪以上慢車未領照行駛",0
7,"大型車駕照不合規定者",0
7,"大型車駕照吊扣期間駕車",0
7,"六歲以下兒童單獨留置車內",0
7,"未領用有效牌照、懸掛他車或未懸掛號牌停車",0
7,"未繫安全帶(高速公路)",0
7,"在道路上停放待售或承修之車輛",0
7,"在道路上堆積放置足以阻礙交通之物",0
7,"行人在車輛行駛中攀登跳車或攀附隨行者",0
7,"行人違規攬客",0
7,"行人闖越鐵路平交道",0
7,"行駛道路使用電腦或其他相類功能裝置",0
7,"拆除消音器或以其他方式製造噪音",0
7,"拒載短程繞道行駛",0
7,"非屬汽車之載具動力休閒器材違規行駛",0
7,"拼裝車輛違規行駛",0
7,"動力機械未請領臨時通行證",0
7,"強制移由醫療或檢驗機構採樣測定等",0
7,"設有劃分島在慢車道右轉彎或在快車道左轉彎",0
7,"牌照遺失或破損不報請補發",0
7,"號牌遺失經舉發後不報請補發仍行駛",0
7,"裝載砂石土方未依規定使用專用車輛",0
7,"路口淨空",0
7,"違反道安規則管制規則肇事致人受傷",0
7,"慢車不在規定之地區路線或時間內行駛",0
7,"慢車不在劃設之慢車道通行或在未劃設慢車道之道路不靠右側路邊行駛",0
7,"慢車不依規定擅自穿越快車道",0
7,"慢車在人行道或快車道行駛",0
7,"慢車在夜間行車未開啟燈光",0
7,"慢車在道路上爭先爭道或其他危險方式駕車",0
7,"慢車行經行人穿越道或交岔路口彎不讓行人優先通行",0
7,"慢車行駛道路手持使用行動電話或其他相類功能裝置",0
7,"慢車拒絕酒精濃度檢測",0
7,"慢車於允許通行之人行道上未讓行人優先通行",0
7,"慢車牽引其他車輛或攀附汽車隨行",0
7,"慢車載運客貨違規",0
7,"慢車聞消防車警備車救護車工程救險車警號不立即避讓",0
7,"慢車擅自變更裝置或不依規定保持煞車鈴號燈",0
7,"慢車闖平交道",0
7,"慢車證照未隨身攜帶",0
7,"駕駛人違規攬客",0
7,"營業大客車酒後或吸食管制藥品後駕車",0
7,"轉彎不暫停讓行人優先通行",0
7,"闖越平交道或在平交道違規",0
8,"違規停車",18631
8,"行車速度超速60公里以下",11051
8,"違規停車拖吊",9361
8,"不依規定轉彎",7269
8,"闖紅燈直行左轉",6842
8,"停車時間位置方式車種不依規定",2192
8,"爭道行駛",1434
8,"其他不遵守標誌標線號誌駕車",932
8,"不按遵行方向行駛",875
8,"未領有駕照駕車",825
8,"酒精濃度超過規定標準者",645
8,"違規臨時停車",481
8,"併排停車",480
8,"闖紅燈右轉",304
8,"裝載不合規定",289
8,"汽車裝載貨物行經設有地磅處所1公里內拒絕過磅",284
8,"未戴安全帽",256
8,"其他汽機車違規未列之條款",245
8,"未領用或未懸掛牌照等",226
8,"未經許可在道路擺設攤位",222
8,"查報佔用道路廢棄車輛數量",204
8,"違反高快速公路管制規定",198
8,"駕照不合規定者",162
8,"於身心障礙專用停車位違規停車",133
8,"違規車輛移置保管",86
8,"不服或抗拒交通警察人員取締",73
8,"越級駕駛",65
8,"在多車道轉彎不依規定",50
8,"82條第1項第1.10款83條第1項第2款以外之其他道路障礙",47
8,"駕車吸菸致影響他人行車安全",47
8,"裝載超過核定之總重量總聯結重量者",42
8,"行車速度超規定過之最高時速60公里",41
8,"汽車所有人提供汽車駕駛人危險駕車",41
8,"在多車道不依規定駕車",37
8,"五年內二次以上酒駕違規者",33
8,"設備不全或損壞不予修復",33
8,"重要設備變更或因事故損壞未檢驗而行駛",21
8,"肇事無人傷亡未依規定處理而逃逸者",21
8,"直行車佔用轉彎專用車道",20
8,"不依規定超車",19
8,"未繫安全帶",16
8,"駕照吊扣期間駕車",15
8,"肇事致人傷亡而逃逸者",14
8,"未辦理執業登記",11
8,"吸食毒品迷幻藥麻醉品及其相類似之管制藥品者",9
8,"載運客貨違反規定",8
8,"慢車酒駕濃度超過規定標準",8
8,"行駛道路以手持方式使用行動電話",7
8,"拒絕接受酒精或管制藥品之檢測",7
8,"報廢汽車仍行駛",7
8,"損毀或變造牌照致不能辨認牌號",7
8,"機踏車附載人員或物品未依規定",7
8,"以迫近驟然變換車道或不當方式迫使他車讓道",5
8,"二輛以上競駛競技",4
8,"肇事致人死傷未依規定處置",4
8,"各項異動不依規定申報登記",3
8,"大型車駕照不合規定者",2
8,"在車道交通島散發廣告物等或在車站內休息站販賣物品妨礙交通",2
8,"大型車未領有駕照駕車",1
8,"不依規定辦理異動申請或年度查驗者",1
8,"行人通行違規",1
8,"行駛中任意驟然減速煞車或暫停",1
8,"蛇行或危險駕車",1
8,"慢車不依規定轉彎超車停車或通過交叉路口",1
8,"慢車不服從警察指揮或不依標誌標線號誌之指示",1
8,"慢車拒絕酒精濃度檢測",1
8,"駕駛人違規攬客",1
8,"三輪以上慢車未領照行駛",0
8,"大型車駕照吊扣期間駕車",0
8,"六歲以下兒童單獨留置車內",0
8,"未依規定減速慢行",0
8,"未領用有效牌照、懸掛他車或未懸掛號牌停車",0
8,"未繫安全帶(高速公路)",0
8,"在道路上停放待售或承修之車輛",0
8,"在道路上堆積放置足以阻礙交通之物",0
8,"行人在車輛行駛中攀登跳車或攀附隨行者",0
8,"行人違規攬客",0
8,"行人闖越鐵路平交道",0
8,"行經行人穿越道不暫停讓行人先行",0
8,"行經警察機關設有告示執行酒測勤務處所不依指示停車接受稽查",0
8,"行駛道路使用電腦或其他相類功能裝置",0
8,"拆除消音器或以其他方式製造噪音",0
8,"拒載短程繞道行駛",0
8,"附載幼童未依規定安置於安全椅",0
8,"非屬汽車之載具動力休閒器材違規行駛",0
8,"拼裝車輛違規行駛",0
8,"動力機械未請領臨時通行證",0
8,"執業登記證未依規定安置等",0
8,"強制移由醫療或檢驗機構採樣測定等",0
8,"設有劃分島在慢車道右轉彎或在快車道左轉彎",0
8,"牌照遺失或破損不報請補發",0
8,"號牌遺失經舉發後不報請補發仍行駛",0
8,"裝載砂石土方未依規定使用專用車輛",0
8,"路口淨空",0
8,"違反道安規則管制規則肇事致人受傷",0
8,"慢車不在規定之地區路線或時間內行駛",0
8,"慢車不在劃設之慢車道通行或在未劃設慢車道之道路不靠右側路邊行駛",0
8,"慢車不依規定停放車輛",0
8,"慢車不依規定擅自穿越快車道",0
8,"慢車在人行道或快車道行駛",0
8,"慢車在同一慢車道上不按遵行方向行駛",0
8,"慢車在夜間行車未開啟燈光",0
8,"慢車在道路上爭先爭道或其他危險方式駕車",0
8,"慢車行經行人穿越道或交岔路口彎不讓行人優先通行",0
8,"慢車行駛道路手持使用行動電話或其他相類功能裝置",0
8,"慢車於允許通行之人行道上未讓行人優先通行",0
8,"慢車牽引其他車輛或攀附汽車隨行",0
8,"慢車載運客貨違規",0
8,"慢車聞消防車警備車救護車工程救險車警號不立即避讓",0
8,"慢車擅自變更裝置或不依規定保持煞車鈴號燈",0
8,"慢車闖平交道",0
8,"慢車證照未隨身攜帶",0
8,"肇事無人傷亡不將車輛移置路邊",0
8,"營業大客車酒後或吸食管制藥品後駕車",0
8,"轉彎不暫停讓行人優先通行",0
8,"闖越平交道或在平交道違規",0
9,"行車速度超速60公里以下",19226
9,"違規停車",17392
9,"違規停車拖吊",7907
9,"闖紅燈直行左轉",7189
9,"不依規定轉彎",6638
9,"停車時間位置方式車種不依規定",1882
9,"爭道行駛",1494
9,"其他不遵守標誌標線號誌駕車",1356
9,"未領有駕照駕車",719
9,"酒精濃度超過規定標準者",676
9,"不按遵行方向行駛",538
9,"併排停車",460
9,"違規臨時停車",395
9,"裝載不合規定",324
9,"闖紅燈右轉",323
9,"汽車裝載貨物行經設有地磅處所1公里內拒絕過磅",321
9,"未戴安全帽",236
9,"未經許可在道路擺設攤位",213
9,"違反高快速公路管制規定",210
9,"未領用或未懸掛牌照等",175
9,"其他汽機車違規未列之條款",170
9,"駕照不合規定者",153
9,"查報佔用道路廢棄車輛數量",120
9,"於身心障礙專用停車位違規停車",115
9,"82條第1項第1.10款83條第1項第2款以外之其他道路障礙",113
9,"在多車道轉彎不依規定",100
9,"違規車輛移置保管",92
9,"行車速度超規定過之最高時速60公里",61
9,"汽車所有人提供汽車駕駛人危險駕車",57
9,"越級駕駛",55
9,"駕車吸菸致影響他人行車安全",44
9,"裝載超過核定之總重量總聯結重量者",43
9,"在多車道不依規定駕車",40
9,"不服或抗拒交通警察人員取締",37
9,"重要設備變更或因事故損壞未檢驗而行駛",32
9,"以迫近驟然變換車道或不當方式迫使他車讓道",29
9,"未領用有效牌照、懸掛他車或未懸掛號牌停車",29
9,"五年內二次以上酒駕違規者",24
9,"直行車佔用轉彎專用車道",24
9,"駕照吊扣期間駕車",24
9,"設備不全或損壞不予修復",22
9,"不依規定超車",19
9,"肇事無人傷亡未依規定處理而逃逸者",15
9,"拒絕接受酒精或管制藥品之檢測",12
9,"行駛道路以手持方式使用行動電話",11
9,"慢車酒駕濃度超過規定標準",10
9,"載運客貨違反規定",9
9,"未繫安全帶",8
9,"在車道交通島散發廣告物等或在車站內休息站販賣物品妨礙交通",8
9,"損毀或變造牌照致不能辨認牌號",7
9,"肇事致人死傷未依規定處置",7
9,"報廢汽車仍行駛",5
9,"路口淨空",5
9,"未辦理執業登記",4
9,"肇事無人傷亡不將車輛移置路邊",4
9,"機踏車附載人員或物品未依規定",4
9,"行駛道路使用電腦或其他相類功能裝置",3
9,"肇事致人傷亡而逃逸者",3
9,"不依規定辦理異動申請或年度查驗者",2
9,"各項異動不依規定申報登記",2
9,"行駛中任意驟然減速煞車或暫停",2
9,"吸食毒品迷幻藥麻醉品及其相類似之管制藥品者",2
9,"附載幼童未依規定安置於安全椅",2
9,"慢車不依規定轉彎超車停車或通過交叉路口",2
9,"慢車不服從警察指揮或不依標誌標線號誌之指示",2
9,"大型車駕照不合規定者",1
9,"未依規定減速慢行",1
9,"行人通行違規",1
9,"行經行人穿越道不暫停讓行人先行",1
9,"拒載短程繞道行駛",1
9,"執業登記證未依規定安置等",1
9,"蛇行或危險駕車",1
9,"裝載砂石土方未依規定使用專用車輛",1
9,"慢車在夜間行車未開啟燈光",1
9,"慢車拒絕酒精濃度檢測",1
9,"轉彎不暫停讓行人優先通行",1
9,"二輛以上競駛競技",0
9,"三輪以上慢車未領照行駛",0
9,"大型車未領有駕照駕車",0
9,"大型車駕照吊扣期間駕車",0
9,"六歲以下兒童單獨留置車內",0
9,"未繫安全帶(高速公路)",0
9,"在道路上停放待售或承修之車輛",0
9,"在道路上堆積放置足以阻礙交通之物",0
9,"行人在車輛行駛中攀登跳車或攀附隨行者",0
9,"行人違規攬客",0
9,"行人闖越鐵路平交道",0
9,"行經警察機關設有告示執行酒測勤務處所不依指示停車接受稽查",0
9,"拆除消音器或以其他方式製造噪音",0
9,"非屬汽車之載具動力休閒器材違規行駛",0
9,"拼裝車輛違規行駛",0
9,"動力機械未請領臨時通行證",0
9,"強制移由醫療或檢驗機構採樣測定等",0
9,"設有劃分島在慢車道右轉彎或在快車道左轉彎",0
9,"牌照遺失或破損不報請補發",0
9,"號牌遺失經舉發後不報請補發仍行駛",0
9,"違反道安規則管制規則肇事致人受傷",0
9,"慢車不在規定之地區路線或時間內行駛",0
9,"慢車不在劃設之慢車道通行或在未劃設慢車道之道路不靠右側路邊行駛",0
9,"慢車不依規定停放車輛",0
9,"慢車不依規定擅自穿越快車道",0
9,"慢車在人行道或快車道行駛",0
9,"慢車在同一慢車道上不按遵行方向行駛",0
9,"慢車在道路上爭先爭道或其他危險方式駕車",0
9,"慢車行經行人穿越道或交岔路口彎不讓行人優先通行",0
9,"慢車行駛道路手持使用行動電話或其他相類功能裝置",0
9,"慢車於允許通行之人行道上未讓行人優先通行",0
9,"慢車牽引其他車輛或攀附汽車隨行",0
9,"慢車載運客貨違規",0
9,"慢車聞消防車警備車救護車工程救險車警號不立即避讓",0
9,"慢車擅自變更裝置或不依規定保持煞車鈴號燈",0
9,"慢車闖平交道",0
9,"慢車證照未隨身攜帶",0
9,"駕駛人違規攬客",0
9,"營業大客車酒後或吸食管制藥品後駕車",0
9,"闖越平交道或在平交道違規",0
10,"違規停車",17854
10,"行車速度超速60公里以下",14494
10,"違規停車拖吊",8855
10,"闖紅燈直行左轉",6852
10,"不依規定轉彎",6641
10,"停車時間位置方式車種不依規定",1510
10,"其他不遵守標誌標線號誌駕車",1366
10,"爭道行駛",1127
10,"未領有駕照駕車",854
10,"違規臨時停車",779
10,"酒精濃度超過規定標準者",742
10,"不按遵行方向行駛",503
10,"併排停車",430
10,"違反高快速公路管制規定",324
10,"裝載不合規定",312
10,"汽車裝載貨物行經設有地磅處所1公里內拒絕過磅",311
10,"闖紅燈右轉",277
10,"未戴安全帽",235
10,"其他汽機車違規未列之條款",217
10,"未經許可在道路擺設攤位",210
10,"未領用或未懸掛牌照等",168
10,"駕照不合規定者",161
10,"查報佔用道路廢棄車輛數量",148
10,"在多車道轉彎不依規定",115
10,"違規車輛移置保管",101
10,"越級駕駛",93
10,"於身心障礙專用停車位違規停車",85
10,"以迫近驟然變換車道或不當方式迫使他車讓道",75
10,"設備不全或損壞不予修復",65
10,"不服或抗拒交通警察人員取締",56
10,"裝載超過核定之總重量總聯結重量者",50
10,"直行車佔用轉彎專用車道",38
10,"汽車所有人提供汽車駕駛人危險駕車",35
10,"五年內二次以上酒駕違規者",34
10,"肇事無人傷亡未依規定處理而逃逸者",34
10,"82條第1項第1.10款83條第1項第2款以外之其他道路障礙",33
10,"行車速度超規定過之最高時速60公里",33
10,"在多車道不依規定駕車",31
10,"未領用有效牌照、懸掛他車或未懸掛號牌停車",30
10,"肇事致人傷亡而逃逸者",25
10,"駕車吸菸致影響他人行車安全",25
10,"不依規定超車",23
10,"載運客貨違反規定",15
10,"拒絕接受酒精或管制藥品之檢測",13
10,"駕照吊扣期間駕車",12
10,"未辦理執業登記",10
10,"吸食毒品迷幻藥麻醉品及其相類似之管制藥品者",10
10,"未繫安全帶",9
10,"行駛道路以手持方式使用行動電話",9
10,"損毀或變造牌照致不能辨認牌號",7
10,"慢車酒駕濃度超過規定標準",6
10,"二輛以上競駛競技",4
10,"行人通行違規",4
10,"重要設備變更或因事故損壞未檢驗而行駛",4
10,"蛇行或危險駕車",4
10,"機踏車附載人員或物品未依規定",4
10,"在車道交通島散發廣告物等或在車站內休息站販賣物品妨礙交通",3
10,"報廢汽車仍行駛",3
10,"肇事致人死傷未依規定處置",3
10,"不依規定辦理異動申請或年度查驗者",2
10,"設有劃分島在慢車道右轉彎或在快車道左轉彎",2
10,"慢車不服從警察指揮或不依標誌標線號誌之指示",2
10,"大型車未領有駕照駕車",1
10,"大型車駕照不合規定者",1
10,"未依規定減速慢行",1
10,"各項異動不依規定申報登記",1
10,"行經行人穿越道不暫停讓行人先行",1
10,"行駛中任意驟然減速煞車或暫停",1
10,"行駛道路使用電腦或其他相類功能裝置",1
10,"三輪以上慢車未領照行駛",0
10,"大型車駕照吊扣期間駕車",0
10,"六歲以下兒童單獨留置車內",0
10,"未繫安全帶(高速公路)",0
10,"在道路上停放待售或承修之車輛",0
10,"在道路上堆積放置足以阻礙交通之物",0
10,"行人在車輛行駛中攀登跳車或攀附隨行者",0
10,"行人違規攬客",0
10,"行人闖越鐵路平交道",0
10,"行經警察機關設有告示執行酒測勤務處所不依指示停車接受稽查",0
10,"拆除消音器或以其他方式製造噪音",0
10,"拒載短程繞道行駛",0
10,"附載幼童未依規定安置於安全椅",0
10,"非屬汽車之載具動力休閒器材違規行駛",0
10,"拼裝車輛違規行駛",0
10,"動力機械未請領臨時通行證",0
10,"執業登記證未依規定安置等",0
10,"強制移由醫療或檢驗機構採樣測定等",0
10,"牌照遺失或破損不報請補發",0
10,"號牌遺失經舉發後不報請補發仍行駛",0
10,"裝載砂石土方未依規定使用專用車輛",0
10,"路口淨空",0
10,"違反道安規則管制規則肇事致人受傷",0
10,"慢車不在規定之地區路線或時間內行駛",0
10,"慢車不在劃設之慢車道通行或在未劃設慢車道之道路不靠右側路邊行駛",0
10,"慢車不依規定停放車輛",0
10,"慢車不依規定擅自穿越快車道",0
10,"慢車不依規定轉彎超車停車或通過交叉路口",0
10,"慢車在人行道或快車道行駛",0
10,"慢車在同一慢車道上不按遵行方向行駛",0
10,"慢車在夜間行車未開啟燈光",0
10,"慢車在道路上爭先爭道或其他危險方式駕車",0
10,"慢車行經行人穿越道或交岔路口彎不讓行人優先通行",0
10,"慢車行駛道路手持使用行動電話或其他相類功能裝置",0
10,"慢車拒絕酒精濃度檢測",0
10,"慢車於允許通行之人行道上未讓行人優先通行",0
10,"慢車牽引其他車輛或攀附汽車隨行",0
10,"慢車載運客貨違規",0
10,"慢車聞消防車警備車救護車工程救險車警號不立即避讓",0
10,"慢車擅自變更裝置或不依規定保持煞車鈴號燈",0
10,"慢車闖平交道",0
10,"慢車證照未隨身攜帶",0
10,"肇事無人傷亡不將車輛移置路邊",0
10,"駕駛人違規攬客",0
10,"營業大客車酒後或吸食管制藥品後駕車",0
10,"轉彎不暫停讓行人優先通行",0
10,"闖越平交道或在平交道違規",0
11,"違規停車",19399
11,"行車速度超速60公里以下",16650
11,"違規停車拖吊",9019
11,"闖紅燈直行左轉",7074
11,"不依規定轉彎",6496
11,"其他不遵守標誌標線號誌駕車",1537
11,"停車時間位置方式車種不依規定",1439
11,"爭道行駛",1113
11,"未領有駕照駕車",901
11,"違規臨時停車",727
11,"不按遵行方向行駛",592
11,"酒精濃度超過規定標準者",567
11,"闖紅燈右轉",429
11,"併排停車",373
11,"未經許可在道路擺設攤位",323
11,"其他汽機車違規未列之條款",288
11,"未戴安全帽",283
11,"裝載不合規定",237
11,"汽車裝載貨物行經設有地磅處所1公里內拒絕過磅",231
11,"在多車道轉彎不依規定",200
11,"違反高快速公路管制規定",190
11,"未領用或未懸掛牌照等",180
11,"駕照不合規定者",156
11,"於身心障礙專用停車位違規停車",95
11,"查報佔用道路廢棄車輛數量",92
11,"設備不全或損壞不予修復",86
11,"違規車輛移置保管",81
11,"越級駕駛",63
11,"不服或抗拒交通警察人員取締",57
11,"以迫近驟然變換車道或不當方式迫使他車讓道",56
11,"在多車道不依規定駕車",49
11,"直行車佔用轉彎專用車道",48
11,"駕車吸菸致影響他人行車安全",42
11,"82條第1項第1.10款83條第1項第2款以外之其他道路障礙",40
11,"未領用有效牌照、懸掛他車或未懸掛號牌停車",38
11,"裝載超過核定之總重量總聯結重量者",38
11,"汽車所有人提供汽車駕駛人危險駕車",35
11,"行車速度超規定過之最高時速60公里",33
11,"不依規定超車",32
11,"五年內二次以上酒駕違規者",24
11,"駕照吊扣期間駕車",22
11,"未繫安全帶",20
11,"肇事無人傷亡未依規定處理而逃逸者",19
11,"行駛道路以手持方式使用行動電話",16
11,"肇事致人傷亡而逃逸者",16
11,"拒絕接受酒精或管制藥品之檢測",15
11,"機踏車附載人員或物品未依規定",12
11,"吸食毒品迷幻藥麻醉品及其相類似之管制藥品者",11
11,"重要設備變更或因事故損壞未檢驗而行駛",8
11,"慢車酒駕濃度超過規定標準",8
11,"未辦理執業登記",7
11,"載運客貨違反規定",7
11,"損毀或變造牌照致不能辨認牌號",6
11,"蛇行或危險駕車",4
11,"肇事致人死傷未依規定處置",4
11,"各項異動不依規定申報登記",3
11,"行駛中任意驟然減速煞車或暫停",3
11,"報廢汽車仍行駛",3
11,"不依規定辦理異動申請或年度查驗者",2
11,"在道路上停放待售或承修之車輛",2
11,"設有劃分島在慢車道右轉彎或在快車道左轉彎",2
11,"慢車不服從警察指揮或不依標誌標線號誌之指示",2
11,"肇事無人傷亡不將車輛移置路邊",2
11,"二輛以上競駛競技",1
11,"大型車未領有駕照駕車",1
11,"大型車駕照不合規定者",1
11,"行人通行違規",1
11,"行經行人穿越道不暫停讓行人先行",1
11,"執業登記證未依規定安置等",1
11,"裝載砂石土方未依規定使用專用車輛",1
11,"路口淨空",1
11,"慢車在同一慢車道上不按遵行方向行駛",1
11,"轉彎不暫停讓行人優先通行",1
11,"三輪以上慢車未領照行駛",0
11,"大型車駕照吊扣期間駕車",0
11,"六歲以下兒童單獨留置車內",0
11,"未依規定減速慢行",0
11,"未繫安全帶(高速公路)",0
11,"在車道交通島散發廣告物等或在車站內休息站販賣物品妨礙交通",0
11,"在道路上堆積放置足以阻礙交通之物",0
11,"行人在車輛行駛中攀登跳車或攀附隨行者",0
11,"行人違規攬客",0
11,"行人闖越鐵路平交道",0
11,"行經警察機關設有告示執行酒測勤務處所不依指示停車接受稽查",0
11,"行駛道路使用電腦或其他相類功能裝置",0
11,"拆除消音器或以其他方式製造噪音",0
11,"拒載短程繞道行駛",0
11,"附載幼童未依規定安置於安全椅",0
11,"非屬汽車之載具動力休閒器材違規行駛",0
11,"拼裝車輛違規行駛",0
11,"動力機械未請領臨時通行證",0
11,"強制移由醫療或檢驗機構採樣測定等",0
11,"牌照遺失或破損不報請補發",0
11,"號牌遺失經舉發後不報請補發仍行駛",0
11,"違反道安規則管制規則肇事致人受傷",0
11,"慢車不在規定之地區路線或時間內行駛",0
11,"慢車不在劃設之慢車道通行或在未劃設慢車道之道路不靠右側路邊行駛",0
11,"慢車不依規定停放車輛",0
11,"慢車不依規定擅自穿越快車道",0
11,"慢車不依規定轉彎超車停車或通過交叉路口",0
11,"慢車在人行道或快車道行駛",0
11,"慢車在夜間行車未開啟燈光",0
11,"慢車在道路上爭先爭道或其他危險方式駕車",0
11,"慢車行經行人穿越道或交岔路口彎不讓行人優先通行",0
11,"慢車行駛道路手持使用行動電話或其他相類功能裝置",0
11,"慢車拒絕酒精濃度檢測",0
11,"慢車於允許通行之人行道上未讓行人優先通行",0
11,"慢車牽引其他車輛或攀附汽車隨行",0
11,"慢車載運客貨違規",0
11,"慢車聞消防車警備車救護車工程救險車警號不立即避讓",0
11,"慢車擅自變更裝置或不依規定保持煞車鈴號燈",0
11,"慢車闖平交道",0
11,"慢車證照未隨身攜帶",0
11,"駕駛人違規攬客",0
11,"營業大客車酒後或吸食管制藥品後駕車",0
11,"闖越平交道或在平交道違規",0
12,"違規停車",19483
12,"行車速度超速60公里以下",8188
12,"違規停車拖吊",7181
12,"闖紅燈直行左轉",6054
12,"不依規定轉彎",3972
12,"停車時間位置方式車種不依規定",1625
12,"其他不遵守標誌標線號誌駕車",1390
12,"爭道行駛",831
12,"未領有駕照駕車",749
12,"酒精濃度超過規定標準者",509
12,"併排停車",484
12,"違規臨時停車",476
12,"闖紅燈右轉",357
12,"不按遵行方向行駛",317
12,"裝載不合規定",314
12,"汽車裝載貨物行經設有地磅處所1公里內拒絕過磅",310
12,"未經許可在道路擺設攤位",214
12,"其他汽機車違規未列之條款",192
12,"未戴安全帽",184
12,"駕照不合規定者",164
12,"違反高快速公路管制規定",143
12,"未領用或未懸掛牌照等",124
12,"於身心障礙專用停車位違規停車",89
12,"在多車道轉彎不依規定",78
12,"在多車道不依規定駕車",76
12,"查報佔用道路廢棄車輛數量",72
12,"違規車輛移置保管",72
12,"越級駕駛",68
12,"拆除消音器或以其他方式製造噪音",63
12,"直行車佔用轉彎專用車道",55
12,"不服或抗拒交通警察人員取締",53
12,"駕車吸菸致影響他人行車安全",44
12,"設備不全或損壞不予修復",43
12,"裝載超過核定之總重量總聯結重量者",42
12,"五年內二次以上酒駕違規者",36
12,"肇事無人傷亡未依規定處理而逃逸者",32
12,"未領用有效牌照、懸掛他車或未懸掛號牌停車",31
12,"肇事致人傷亡而逃逸者",30
12,"82條第1項第1.10款83條第1項第2款以外之其他道路障礙",29
12,"不依規定超車",27
12,"駕照吊扣期間駕車",21
12,"未繫安全帶",16
12,"汽車所有人提供汽車駕駛人危險駕車",15
12,"拒絕接受酒精或管制藥品之檢測",13
12,"行駛道路以手持方式使用行動電話",11
12,"載運客貨違反規定",11
12,"行車速度超規定過之最高時速60公里",10
12,"慢車酒駕濃度超過規定標準",10
12,"轉彎不暫停讓行人優先通行",8
12,"機踏車附載人員或物品未依規定",7
12,"肇事無人傷亡不將車輛移置路邊",6
12,"各項異動不依規定申報登記",5
12,"重要設備變更或因事故損壞未檢驗而行駛",5
12,"損毀或變造牌照致不能辨認牌號",5
12,"肇事致人死傷未依規定處置",5
12,"未辦理執業登記",4
12,"行經行人穿越道不暫停讓行人先行",4
12,"蛇行或危險駕車",4
12,"慢車不服從警察指揮或不依標誌標線號誌之指示",3
12,"以迫近驟然變換車道或不當方式迫使他車讓道",2
12,"行人通行違規",2
12,"行駛中任意驟然減速煞車或暫停",2
12,"報廢汽車仍行駛",2
12,"慢車在夜間行車未開啟燈光",2
12,"大型車未領有駕照駕車",1
12,"不依規定辦理異動申請或年度查驗者",1
12,"未依規定減速慢行",1
12,"在車道交通島散發廣告物等或在車站內休息站販賣物品妨礙交通",1
12,"吸食毒品迷幻藥麻醉品及其相類似之管制藥品者",1
12,"設有劃分島在慢車道右轉彎或在快車道左轉彎",1
12,"裝載砂石土方未依規定使用專用車輛",1
12,"違反道安規則管制規則肇事致人受傷",1
12,"慢車不依規定停放車輛",1
12,"慢車行駛道路手持使用行動電話或其他相類功能裝置",1
12,"慢車載運客貨違規",1
12,"駕駛人違規攬客",1
12,"二輛以上競駛競技",0
12,"三輪以上慢車未領照行駛",0
12,"大型車駕照不合規定者",0
12,"大型車駕照吊扣期間駕車",0
12,"六歲以下兒童單獨留置車內",0
12,"未繫安全帶(高速公路)",0
12,"在道路上停放待售或承修之車輛",0
12,"在道路上堆積放置足以阻礙交通之物",0
12,"行人在車輛行駛中攀登跳車或攀附隨行者",0
12,"行人違規攬客",0
12,"行人闖越鐵路平交道",0
12,"行經警察機關設有告示執行酒測勤務處所不依指示停車接受稽查",0
12,"行駛道路使用電腦或其他相類功能裝置",0
12,"拒載短程繞道行駛",0
12,"附載幼童未依規定安置於安全椅",0
12,"非屬汽車之載具動力休閒器材違規行駛",0
12,"拼裝車輛違規行駛",0
12,"動力機械未請領臨時通行證",0
12,"執業登記證未依規定安置等",0
12,"強制移由醫療或檢驗機構採樣測定等",0
12,"牌照遺失或破損不報請補發",0
12,"號牌遺失經舉發後不報請補發仍行駛",0
12,"路口淨空",0
12,"慢車不在規定之地區路線或時間內行駛",0
12,"慢車不在劃設之慢車道通行或在未劃設慢車道之道路不靠右側路邊行駛",0
12,"慢車不依規定擅自穿越快車道",0
12,"慢車不依規定轉彎超車停車或通過交叉路口",0
12,"慢車在人行道或快車道行駛",0
12,"慢車在同一慢車道上不按遵行方向行駛",0
12,"慢車在道路上爭先爭道或其他危險方式駕車",0
12,"慢車行經行人穿越道或交岔路口彎不讓行人優先通行",0
12,"慢車拒絕酒精濃度檢測",0
12,"慢車於允許通行之人行道上未讓行人優先通行",0
12,"慢車牽引其他車輛或攀附汽車隨行",0
12,"慢車聞消防車警備車救護車工程救險車警號不立即避讓",0
12,"慢車擅自變更裝置或不依規定保持煞車鈴號燈",0
12,"慢車闖平交道",0
12,"慢車證照未隨身攜帶",0
12,"營業大客車酒後或吸食管制藥品後駕車",0
12,"闖越平交道或在平交道違規",0
